"ID","Time","SLD","Censor_SLD","T","delta"
1,0,117.143647741161,0,595.777325452559,1
1,63,96.84648158861,0,595.777325452559,1
1,126,85.5017508627585,0,595.777325452559,1
1,189,94.0036296178439,0,595.777325452559,1
1,252,90.5885855785145,0,595.777325452559,1
1,315,89.3179372658707,0,595.777325452559,1
1,378,90.0899377109908,0,595.777325452559,1
1,441,101.863686402963,0,595.777325452559,1
1,504,126.449867768471,0,595.777325452559,1
1,567,133.032055227226,0,595.777325452559,1
2,0,30.1696373355657,0,693,0
2,63,34.9085805866679,0,693,0
2,126,34.2009313305855,0,693,0
2,189,24.9621196397544,0,693,0
2,252,36.8672238473895,0,693,0
2,315,34.5055552456865,0,693,0
2,378,38.5488765455624,0,693,0
2,441,40.5972702394307,0,693,0
2,504,33.9172446390541,0,693,0
2,567,47.7024063717086,0,693,0
2,630,50.1385199769226,0,693,0
2,693,48.7349402153265,0,693,0
3,0,158.813110950275,0,596.756820537825,1
3,63,155.693579698634,0,596.756820537825,1
3,126,151.209454515494,0,596.756820537825,1
3,189,177.185136874114,0,596.756820537825,1
3,252,182.566106962622,0,596.756820537825,1
3,315,179.096566197137,0,596.756820537825,1
3,378,197.017621139461,0,596.756820537825,1
3,441,297.71616756418,0,596.756820537825,1
3,504,236.325866806269,0,596.756820537825,1
3,567,352.45207424224,0,596.756820537825,1
4,0,83.4472866278762,0,609.152115661887,1
4,63,82.7634900763757,0,609.152115661887,1
4,126,77.4005340235124,0,609.152115661887,1
4,189,94.5568346452153,0,609.152115661887,1
4,252,80.3170164895089,0,609.152115661887,1
4,315,99.8993999412018,0,609.152115661887,1
4,378,148.11997004936,0,609.152115661887,1
4,441,139.771292232475,0,609.152115661887,1
4,504,176.829150275951,0,609.152115661887,1
4,567,195.185762837621,0,609.152115661887,1
5,0,60.6056555510246,0,601.055991206281,1
5,63,49.9414345250812,0,601.055991206281,1
5,126,48.3097659578888,0,601.055991206281,1
5,189,52.7692363021338,0,601.055991206281,1
5,252,80.0492747373283,0,601.055991206281,1
5,315,74.3714449305397,0,601.055991206281,1
5,378,124.333337794075,0,601.055991206281,1
5,441,187.690857841559,0,601.055991206281,1
5,504,247.645741666428,0,601.055991206281,1
5,567,319.387898482067,0,601.055991206281,1
6,0,81.8146297297629,0,237.952473725047,1
6,63,64.4992031873348,0,237.952473725047,1
6,126,66.1167456715508,0,237.952473725047,1
6,189,71.2643505968283,0,237.952473725047,1
7,0,112.949153504549,0,106.603412218365,1
7,63,267.350773783147,0,106.603412218365,1
8,0,116.948202914097,0,302.421451259267,1
8,63,74.4825692644457,0,302.421451259267,1
8,126,79.0309360885445,0,302.421451259267,1
8,189,68.3895579173145,0,302.421451259267,1
8,252,76.1646333872667,0,302.421451259267,1
9,0,140.209729175644,0,394.542528193854,1
9,63,113.642986075936,0,394.542528193854,1
9,126,114.351772146264,0,394.542528193854,1
9,189,119.049912037053,0,394.542528193854,1
9,252,112.261302148481,0,394.542528193854,1
9,315,113.404581029586,0,394.542528193854,1
9,378,115.147812334596,0,394.542528193854,1
10,0,183.315531121608,0,27.8044185740141,1
11,0,77.2501901489451,0,140.333392036588,1
11,63,134.224484557284,0,140.333392036588,1
11,126,293.892625644797,0,140.333392036588,1
12,0,74.4940684090494,0,2.59988080172205,1
13,0,244.347301675125,0,130.034945715495,1
13,63,281.611243194333,0,130.034945715495,1
13,126,373.180579477638,0,130.034945715495,1
14,0,79.1100241206819,0,693,0
14,63,70.6198092360001,0,693,0
14,126,65.1823916820499,0,693,0
14,189,80.1044378917561,0,693,0
14,252,75.2318038834261,0,693,0
14,315,78.5058446982934,0,693,0
14,378,80.5136476026674,0,693,0
14,441,107.635368170355,0,693,0
14,504,116.058355247512,0,693,0
14,567,132.015650161333,0,693,0
14,630,150.008139552643,0,693,0
14,693,214.909383024005,0,693,0
15,0,120.262445829536,0,693,0
15,63,64.6295768499048,0,693,0
15,126,41.5036309121002,0,693,0
15,189,32.7838279341677,0,693,0
15,252,41.9745038491689,0,693,0
15,315,41.339727371205,0,693,0
15,378,37.0406073326319,0,693,0
15,441,56.3875086648267,0,693,0
15,504,59.5561556111807,0,693,0
15,567,61.8897039516644,0,693,0
15,630,58.6443945472416,0,693,0
15,693,77.2613821500445,0,693,0
16,0,130.266691547588,0,53.5831630420714,1
17,0,51.4770389344296,0,146.34240008328,1
17,63,55.4143428381849,0,146.34240008328,1
17,126,72.7399134722033,0,146.34240008328,1
18,0,141.676915554221,0,23.9914383139348,1
19,0,89.1091610799518,0,243.245935593014,1
19,63,74.5184444134497,0,243.245935593014,1
19,126,78.9079326589509,0,243.245935593014,1
19,189,81.6676369306196,0,243.245935593014,1
20,0,110.266342059523,0,61.895350914776,1
21,0,328.799496431382,0,9.82217418624802,1
22,0,109.171331476293,0,328.118343859273,1
22,63,115.078172123117,0,328.118343859273,1
22,126,198.87927905986,0,328.118343859273,1
22,189,198.941489501985,0,328.118343859273,1
22,252,262.516758056424,0,328.118343859273,1
22,315,424.411544811779,0,328.118343859273,1
23,0,74.2056845684585,0,285.430006510148,1
23,63,95.3482176662682,0,285.430006510148,1
23,126,156.156648663832,0,285.430006510148,1
23,189,171.291905738223,0,285.430006510148,1
23,252,294.015970912473,0,285.430006510148,1
24,0,106.320985463003,0,599.801415330617,1
24,63,55.1186053195364,0,599.801415330617,1
24,126,50.4091741661939,0,599.801415330617,1
24,189,56.5745896616614,0,599.801415330617,1
24,252,80.646496053449,0,599.801415330617,1
24,315,82.4588547997239,0,599.801415330617,1
24,378,104.651015830453,0,599.801415330617,1
24,441,145.894988351853,0,599.801415330617,1
24,504,158.532675937901,0,599.801415330617,1
24,567,171.567347337321,0,599.801415330617,1
25,0,198.166768573856,0,79.7986026756908,1
25,63,247.563918064618,0,79.7986026756908,1
26,0,109.904702071424,0,311.061868277337,1
26,63,111.784503647974,0,311.061868277337,1
26,126,131.800567136363,0,311.061868277337,1
26,189,128.632923402193,0,311.061868277337,1
26,252,141.109589666029,0,311.061868277337,1
27,0,186.110605474783,0,130.32680582555,1
27,63,200.915540419,0,130.32680582555,1
27,126,161.899250272085,0,130.32680582555,1
28,0,192.76490281593,0,25.1413647836052,1
29,0,144.617444555853,0,142.556572054306,1
29,63,200.8252943748,0,142.556572054306,1
29,126,458.900681816387,0,142.556572054306,1
30,0,277.308254243445,0,693,0
30,63,236.050312068279,0,693,0
30,126,142.78643311973,0,693,0
30,189,131.994594544009,0,693,0
30,252,125.076289631778,0,693,0
30,315,119.714397574684,0,693,0
30,378,100.450933587574,0,693,0
30,441,92.6250925421372,0,693,0
30,504,79.2022502519773,0,693,0
30,567,74.7769488763719,0,693,0
30,630,69.1715415217371,0,693,0
30,693,72.425585752323,0,693,0
31,0,143.009596285886,0,693,0
31,63,201.342154452387,0,693,0
31,126,167.767476415918,0,693,0
31,189,158.671665927976,0,693,0
31,252,170.652184103641,0,693,0
31,315,161.544790363705,0,693,0
31,378,163.942016860083,0,693,0
31,441,137.732923720629,0,693,0
31,504,196.581572975415,0,693,0
31,567,169.941581163605,0,693,0
31,630,193.998352262173,0,693,0
31,693,192.399190119524,0,693,0
32,0,76.7773371779482,0,199.598787478609,1
32,63,62.530202141144,0,199.598787478609,1
32,126,82.4142618306236,0,199.598787478609,1
32,189,82.7417362574613,0,199.598787478609,1
33,0,123.337352522394,0,690.190147060317,1
33,63,86.350397260468,0,690.190147060317,1
33,126,88.0318940928222,0,690.190147060317,1
33,189,93.5009271918494,0,690.190147060317,1
33,252,60.2046994110364,0,690.190147060317,1
33,315,78.6713215094699,0,690.190147060317,1
33,378,63.2997009592081,0,690.190147060317,1
33,441,82.0675105864974,0,690.190147060317,1
33,504,84.3542636290313,0,690.190147060317,1
33,567,67.4853422758104,0,690.190147060317,1
33,630,96.9545509123441,0,690.190147060317,1
34,0,162.200195691179,0,40.6095681439095,1
35,0,75.9030183380492,0,693,0
35,63,74.8391555417903,0,693,0
35,126,65.6340229024389,0,693,0
35,189,58.0659345111949,0,693,0
35,252,48.4865606701381,0,693,0
35,315,51.2357459310679,0,693,0
35,378,50.8056397691812,0,693,0
35,441,55.8420114146217,0,693,0
35,504,45.4101628600534,0,693,0
35,567,48.6228217320432,0,693,0
35,630,51.7703263050954,0,693,0
35,693,66.5178269309299,0,693,0
36,0,72.3135506386438,0,79.2245659424627,1
36,63,83.4255415903514,0,79.2245659424627,1
37,0,95.1759605985916,0,693,0
37,63,19.867362238293,0,693,0
37,126,17.6693324280144,0,693,0
37,189,16.3335720181081,0,693,0
37,252,15.2920655014524,0,693,0
37,315,19.342302618692,0,693,0
37,378,19.610388041915,0,693,0
37,441,20.4122397386063,0,693,0
37,504,22.4168772770788,0,693,0
37,567,21.3214621801512,0,693,0
37,630,24.4745142338471,0,693,0
37,693,17.7533664134225,0,693,0
38,0,163.308111950587,0,61.82120562198,1
39,0,104.022986602059,0,101.202416301914,1
39,63,150.706626266799,0,101.202416301914,1
40,0,123.305258570829,0,165.208822358921,1
40,63,117.138597250392,0,165.208822358921,1
40,126,124.036508231479,0,165.208822358921,1
41,0,110.984882704416,0,693,0
41,63,110.700719213488,0,693,0
41,126,117.714576509208,0,693,0
41,189,100.849507881344,0,693,0
41,252,105.251183352276,0,693,0
41,315,120.481502604004,0,693,0
41,378,107.608891446297,0,693,0
41,441,115.283095394559,0,693,0
41,504,97.8111477055179,0,693,0
41,567,126.516505905778,0,693,0
41,630,127.579008421437,0,693,0
41,693,133.745024724086,0,693,0
42,0,248.772756409231,0,40.1152063802309,1
43,0,53.0079723293463,0,324.410667783154,1
43,63,54.752311017772,0,324.410667783154,1
43,126,77.8338882640641,0,324.410667783154,1
43,189,141.852603296347,0,324.410667783154,1
43,252,230.939257770722,0,324.410667783154,1
43,315,305.624283035867,0,324.410667783154,1
44,0,112.399087253614,0,295.874553351045,1
44,63,133.27271640829,0,295.874553351045,1
44,126,145.108548833577,0,295.874553351045,1
44,189,200.371400847049,0,295.874553351045,1
44,252,178.611532289625,0,295.874553351045,1
45,0,163.196339843593,0,431.834485886329,1
45,63,146.574072216683,0,431.834485886329,1
45,126,153.028489118619,0,431.834485886329,1
45,189,143.172828937061,0,431.834485886329,1
45,252,190.60409099017,0,431.834485886329,1
45,315,201.34663190846,0,431.834485886329,1
45,378,248.576583530854,0,431.834485886329,1
46,0,69.0744379705607,0,4.31848036638523,1
47,0,92.0577086311359,0,693,0
47,63,42.0483932954757,0,693,0
47,126,29.530919111462,0,693,0
47,189,28.4302138686984,0,693,0
47,252,33.9626568196993,0,693,0
47,315,32.1788222814825,0,693,0
47,378,40.8122178696547,0,693,0
47,441,45.2182926102219,0,693,0
47,504,57.2539819546796,0,693,0
47,567,53.9507490908804,0,693,0
47,630,60.2781324556674,0,693,0
47,693,85.3683130742531,0,693,0
48,0,31.7149185324699,0,471.056577340504,1
48,63,39.9081511952318,0,471.056577340504,1
48,126,45.4206295470081,0,471.056577340504,1
48,189,55.2156881457877,0,471.056577340504,1
48,252,60.7679698338571,0,471.056577340504,1
48,315,86.0260941477843,0,471.056577340504,1
48,378,86.7926497192143,0,471.056577340504,1
48,441,100.537524764045,0,471.056577340504,1
49,0,70.4931268778069,0,474.280571132701,1
49,63,73.2565654247862,0,474.280571132701,1
49,126,67.3936043944226,0,474.280571132701,1
49,189,68.9626771675715,0,474.280571132701,1
49,252,78.4606409595146,0,474.280571132701,1
49,315,90.2107389826086,0,474.280571132701,1
49,378,76.263508331732,0,474.280571132701,1
49,441,107.695215026488,0,474.280571132701,1
50,0,91.5166576872183,0,693,0
50,63,80.9765494636378,0,693,0
50,126,93.7509687739442,0,693,0
50,189,74.9791107191365,0,693,0
50,252,89.1133541476911,0,693,0
50,315,74.7829561993546,0,693,0
50,378,104.896657549405,0,693,0
50,441,85.8989380846969,0,693,0
50,504,110.224026444731,0,693,0
50,567,108.065355677169,0,693,0
50,630,139.956302214566,0,693,0
50,693,143.374124729733,0,693,0
51,0,133.601496927087,0,350.092766880438,1
51,63,112.258118685325,0,350.092766880438,1
51,126,80.6442453916244,0,350.092766880438,1
51,189,83.3442294918108,0,350.092766880438,1
51,252,87.044473651533,0,350.092766880438,1
51,315,97.0515928032704,0,350.092766880438,1
52,0,56.7606615268842,0,154.762294018454,1
52,63,73.797295599609,0,154.762294018454,1
52,126,72.9899513841142,0,154.762294018454,1
53,0,110.098024064691,0,693,0
53,63,79.9743967801944,0,693,0
53,126,54.1376579417322,0,693,0
53,189,48.58302346292,0,693,0
53,252,37.4558096134388,0,693,0
53,315,26.9064686600096,0,693,0
53,378,21.7027571460814,0,693,0
53,441,24.5609131527256,0,693,0
53,504,19.6520142167369,0,693,0
53,567,20.8437631698362,0,693,0
53,630,20.6060296010146,0,693,0
53,693,20.1625851030809,0,693,0
54,0,191.273044780401,0,157.26412621628,1
54,63,187.694158800375,0,157.26412621628,1
54,126,142.905164668772,0,157.26412621628,1
55,0,186.868892320301,0,206.596642542809,1
55,63,166.789826989486,0,206.596642542809,1
55,126,161.700097256771,0,206.596642542809,1
55,189,196.042839303307,0,206.596642542809,1
56,0,101.340795198997,0,693,0
56,63,104.751236567574,0,693,0
56,126,101.28258523774,0,693,0
56,189,92.9902198904303,0,693,0
56,252,96.7891930694045,0,693,0
56,315,121.900356316316,0,693,0
56,378,86.1323338872612,0,693,0
56,441,88.9796750591185,0,693,0
56,504,89.6329535651301,0,693,0
56,567,105.765104986484,0,693,0
56,630,90.3759625425263,0,693,0
56,693,103.6086232906,0,693,0
57,0,171.997500191038,0,693,0
57,63,88.0817533656598,0,693,0
57,126,70.6873036075103,0,693,0
57,189,53.0474686740921,0,693,0
57,252,68.1912300934956,0,693,0
57,315,90.5712271500644,0,693,0
57,378,93.6322778951928,0,693,0
57,441,122.314487556829,0,693,0
57,504,118.020329142885,0,693,0
57,567,106.600304920944,0,693,0
57,630,128.372421727544,0,693,0
57,693,174.229830941096,0,693,0
58,0,85.759836680545,0,268.307593618784,1
58,63,79.4343674049563,0,268.307593618784,1
58,126,64.775294590967,0,268.307593618784,1
58,189,72.3009434504896,0,268.307593618784,1
58,252,66.3281194650503,0,268.307593618784,1
59,0,97.9994733816611,0,693,0
59,63,102.000774413082,0,693,0
59,126,86.185948296594,0,693,0
59,189,81.3581186031268,0,693,0
59,252,103.124175098283,0,693,0
59,315,79.920767381066,0,693,0
59,378,88.3433844752737,0,693,0
59,441,90.9026357256153,0,693,0
59,504,93.9497013848818,0,693,0
59,567,93.0336607514975,0,693,0
59,630,110.316996061946,0,693,0
59,693,102.994150496765,0,693,0
60,0,93.9469417026571,0,60.1917533668926,1
61,0,82.0635101248351,0,533.257590125226,1
61,63,78.321692308892,0,533.257590125226,1
61,126,88.1020410440382,0,533.257590125226,1
61,189,107.646506427088,0,533.257590125226,1
61,252,128.529389303319,0,533.257590125226,1
61,315,150.92826680783,0,533.257590125226,1
61,378,170.249551113362,0,533.257590125226,1
61,441,279.9585912461,0,533.257590125226,1
61,504,380.282400953352,0,533.257590125226,1
62,0,177.024928195345,0,127.9816862548,1
62,63,271.673067726533,0,127.9816862548,1
62,126,411.868847163674,0,127.9816862548,1
63,0,111.141978630161,0,693,0
63,63,84.8214507877066,0,693,0
63,126,103.900816217813,0,693,0
63,189,83.4164583958522,0,693,0
63,252,83.7399166716336,0,693,0
63,315,83.2594992144687,0,693,0
63,378,73.245772656314,0,693,0
63,441,73.8744967146651,0,693,0
63,504,90.6646018263363,0,693,0
63,567,89.9252711908812,0,693,0
63,630,74.330557340484,0,693,0
63,693,101.88630404632,0,693,0
64,0,91.2146903240405,0,312.637138796722,1
64,63,112.393572569967,0,312.637138796722,1
64,126,158.279883597635,0,312.637138796722,1
64,189,203.225121252621,0,312.637138796722,1
64,252,298.028437258141,0,312.637138796722,1
65,0,114.308149802027,0,693,0
65,63,99.905002121956,0,693,0
65,126,94.7907068934668,0,693,0
65,189,113.620337999497,0,693,0
65,252,104.793210750968,0,693,0
65,315,110.814388065208,0,693,0
65,378,89.8750496519333,0,693,0
65,441,115.214825459598,0,693,0
65,504,107.890119376871,0,693,0
65,567,118.711082461234,0,693,0
65,630,130.162466424117,0,693,0
65,693,153.800240733886,0,693,0
66,0,35.0304286909169,0,124.379358345348,1
66,63,34.0034357641819,0,124.379358345348,1
67,0,121.235174489811,0,302.062770736852,1
67,63,108.103285837915,0,302.062770736852,1
67,126,102.41203549406,0,302.062770736852,1
67,189,83.2571229333693,0,302.062770736852,1
67,252,80.3634525940023,0,302.062770736852,1
68,0,130.134331200563,0,496.926614809345,1
68,63,64.3471840909842,0,496.926614809345,1
68,126,72.8661186169386,0,496.926614809345,1
68,189,72.7313359962119,0,496.926614809345,1
68,252,86.4319338417403,0,496.926614809345,1
68,315,104.446737244241,0,496.926614809345,1
68,378,123.045850099228,0,496.926614809345,1
68,441,136.042014778406,0,496.926614809345,1
69,0,149.756177376109,0,265.982099738886,1
69,63,147.972358604759,0,265.982099738886,1
69,126,165.409316702885,0,265.982099738886,1
69,189,221.712103656225,0,265.982099738886,1
69,252,292.260020018197,0,265.982099738886,1
70,0,175.051462297911,0,174.617376809881,1
70,63,174.824864286144,0,174.617376809881,1
70,126,214.078748244723,0,174.617376809881,1
71,0,201.50215131119,0,190.766637130431,1
71,63,216.707881745297,0,190.766637130431,1
71,126,278.586196340683,0,190.766637130431,1
71,189,518.467729873777,0,190.766637130431,1
72,0,176.240321866281,0,48.4969664353905,1
73,0,259.168550424619,0,54.4125974403663,1
74,0,198.005725671341,0,49.3704027313723,1
75,0,129.398153014934,0,262.646008021043,1
75,63,116.125387361243,0,262.646008021043,1
75,126,99.1886951919892,0,262.646008021043,1
75,189,96.3404696631645,0,262.646008021043,1
75,252,75.0566829303764,0,262.646008021043,1
76,0,320.57174309036,0,68.2629509044631,1
76,63,461.756586133401,0,68.2629509044631,1
77,0,55.8760427475952,0,389.577877401148,1
77,63,69.7477025398208,0,389.577877401148,1
77,126,60.4420020565648,0,389.577877401148,1
77,189,57.6904294199554,0,389.577877401148,1
77,252,56.4921661883668,0,389.577877401148,1
77,315,53.1241302361429,0,389.577877401148,1
77,378,66.6720740439621,0,389.577877401148,1
78,0,220.648432744121,0,24.7548509016327,1
79,0,172.999054326413,0,31.0809070448601,1
80,0,153.5571415511,0,407.157589562152,1
80,63,156.693352796719,0,407.157589562152,1
80,126,120.773134955927,0,407.157589562152,1
80,189,144.110897880414,0,407.157589562152,1
80,252,124.558483016782,0,407.157589562152,1
80,315,164.048698819632,0,407.157589562152,1
80,378,142.946382561525,0,407.157589562152,1
81,0,86.6059982967233,0,99.5399680809869,1
81,63,61.7575134363228,0,99.5399680809869,1
82,0,138.569754579197,0,77.9225407600544,1
82,63,135.143765821332,0,77.9225407600544,1
83,0,112.587385446203,0,337.070630582982,1
83,63,104.549686827204,0,337.070630582982,1
83,126,109.781891265612,0,337.070630582982,1
83,189,156.107580940844,0,337.070630582982,1
83,252,147.896568055945,0,337.070630582982,1
83,315,141.559501638351,0,337.070630582982,1
84,0,154.514685276673,0,171.638680418229,1
84,63,120.494501725327,0,171.638680418229,1
84,126,110.549776790822,0,171.638680418229,1
85,0,44.0947827477141,0,693,0
85,63,18.5375121682482,0,693,0
85,126,11.8639188529265,0,693,0
85,189,11.7762727667026,0,693,0
85,252,11.5739030766383,0,693,0
85,315,13.5285421477558,0,693,0
85,378,13.2869059371885,0,693,0
85,441,16.2289337496433,0,693,0
85,504,14.6963354954375,0,693,0
85,567,15.9443819464162,0,693,0
85,630,18.5570935121446,0,693,0
85,693,22.4855404213734,0,693,0
86,0,117.201991435012,0,504.654961733893,1
86,63,110.26805339184,0,504.654961733893,1
86,126,110.017990986858,0,504.654961733893,1
86,189,137.5339166331,0,504.654961733893,1
86,252,139.119417487443,0,504.654961733893,1
86,315,148.401736729609,0,504.654961733893,1
86,378,162.107085958231,0,504.654961733893,1
86,441,142.915244153683,0,504.654961733893,1
86,504,165.404871588263,0,504.654961733893,1
87,0,78.5604236014082,0,632.998548686443,1
87,63,55.3131130456655,0,632.998548686443,1
87,126,67.2356634808662,0,632.998548686443,1
87,189,60.7027666826601,0,632.998548686443,1
87,252,63.6323428645556,0,632.998548686443,1
87,315,66.2076256029749,0,632.998548686443,1
87,378,77.7795444457272,0,632.998548686443,1
87,441,90.1982035116478,0,632.998548686443,1
87,504,89.5539572034171,0,632.998548686443,1
87,567,97.966768835641,0,632.998548686443,1
87,630,119.754519696212,0,632.998548686443,1
88,0,69.7792875829892,0,315.837854520242,1
88,63,62.2367516068962,0,315.837854520242,1
88,126,53.7233465178829,0,315.837854520242,1
88,189,54.5423266562167,0,315.837854520242,1
88,252,55.4962242491067,0,315.837854520242,1
88,315,68.242582321228,0,315.837854520242,1
89,0,149.009294168225,0,189.410763839687,1
89,63,153.670834424893,0,189.410763839687,1
89,126,213.866525062388,0,189.410763839687,1
89,189,250.864732531033,0,189.410763839687,1
90,0,95.0498086319874,0,479.013102894122,1
90,63,109.980669557572,0,479.013102894122,1
90,126,109.705995108849,0,479.013102894122,1
90,189,97.254123772488,0,479.013102894122,1
90,252,95.4833977289108,0,479.013102894122,1
90,315,114.15758066829,0,479.013102894122,1
90,378,118.542891450911,0,479.013102894122,1
90,441,102.143074316399,0,479.013102894122,1
91,0,50.7203596067443,0,96.2506215373809,1
91,63,69.442036952308,0,96.2506215373809,1
92,0,80.5785635780005,0,204.94624349223,1
92,63,65.3349989275796,0,204.94624349223,1
92,126,71.3767733261522,0,204.94624349223,1
92,189,90.2014057769602,0,204.94624349223,1
93,0,149.043451292883,0,325.689915059365,1
93,63,129.100617854596,0,325.689915059365,1
93,126,193.885075486213,0,325.689915059365,1
93,189,204.559557922391,0,325.689915059365,1
93,252,238.394820960033,0,325.689915059365,1
93,315,350.536313780034,0,325.689915059365,1
94,0,98.8684954016357,0,162.907722412699,1
94,63,134.492590487893,0,162.907722412699,1
94,126,233.752019129943,0,162.907722412699,1
95,0,70.4821710743221,0,693,0
95,63,69.6881981089596,0,693,0
95,126,43.4484265364207,0,693,0
95,189,46.1633910766767,0,693,0
95,252,44.0614906677951,0,693,0
95,315,38.5748732235621,0,693,0
95,378,52.2456736802282,0,693,0
95,441,60.71061348165,0,693,0
95,504,68.9923118501475,0,693,0
95,567,70.7691601290148,0,693,0
95,630,82.6723896287022,0,693,0
95,693,96.9498892615723,0,693,0
96,0,267.689201424672,0,188.066774871002,1
96,63,211.333458373887,0,188.066774871002,1
96,126,191.033233018169,0,188.066774871002,1
97,0,271.163001008368,0,693,0
97,63,246.423846094713,0,693,0
97,126,195.540569407758,0,693,0
97,189,176.02463511367,0,693,0
97,252,167.973497948535,0,693,0
97,315,171.180288926631,0,693,0
97,378,181.397997598399,0,693,0
97,441,167.196680441481,0,693,0
97,504,158.219925365174,0,693,0
97,567,146.488353084356,0,693,0
97,630,157.870739086245,0,693,0
97,693,145.88805646943,0,693,0
98,0,199.70994197176,0,143.780701474024,1
98,63,150.088588292987,0,143.780701474024,1
98,126,181.526808279173,0,143.780701474024,1
99,0,142.843079267704,0,63.4394714955606,1
99,63,109.047725631959,0,63.4394714955606,1
100,0,172.819538996473,0,193.021583978549,1
100,63,168.497385162598,0,193.021583978549,1
100,126,166.911631049621,0,193.021583978549,1
100,189,167.948170455909,0,193.021583978549,1
